{"time0": [0.010000000000000002, 0.012975000000000004, 0.016825000000000003, 0.022100000000000009, 0.028550000000000002, 0.036375000000000005, 0.045725000000000002, 0.058275, 0.072175000000000003, 0.08622500000000001, 0.10672499999999999, 0.122, 0.14482499999999998, 0.16154999999999997, 0.17945, 0.19435000000000002, 0.21212499999999998, 0.22877500000000001, 0.24454999999999999, 0.25790000000000002, 0.26712499999999995, 0.27397500000000008, 0.28439999999999999, 0.291375, 0.29577500000000001, 0.30464999999999998, 0.30982500000000002, 0.31329999999999997, 0.31577500000000003, 0.317, 0.31830000000000003, 0.31985000000000002, 0.32300000000000001, 0.32232499999999992, 0.32439999999999997, 0.32409999999999994, 0.32489999999999991, 0.32847499999999996, 0.3236, 0.32147500000000007, 0.32237499999999997, 0.32182499999999997, 0.32439999999999991, 0.32845000000000002, 0.32969999999999999, 0.32797500000000002, 0.32800000000000007, 0.32595000000000002, 0.332175, 0.33050000000000002, 0.32997500000000002], "time1": [0.010000000000000002, 0.012850000000000006, 0.017075000000000007, 0.021100000000000004, 0.028175000000000006, 0.034525000000000014, 0.043550000000000005, 0.055375000000000008, 0.068925, 0.085050000000000001, 0.10047499999999998, 0.1182, 0.13817499999999999, 0.15832499999999999, 0.17765, 0.19367499999999999, 0.210675, 0.22637500000000008, 0.23799999999999993, 0.24939999999999998, 0.26187499999999997, 0.27749999999999997, 0.28417499999999996, 0.29270000000000007, 0.29705000000000004, 0.30322499999999997, 0.30882500000000002, 0.30999999999999994, 0.31409999999999999, 0.31310000000000004, 0.31632499999999997, 0.31827499999999997, 0.32045000000000001, 0.31907500000000005, 0.32272499999999998, 0.32385000000000003, 0.32392500000000002, 0.32642499999999997, 0.32612500000000005, 0.32689999999999997, 0.32817500000000005, 0.32782499999999998, 0.32735000000000009, 0.32835000000000003, 0.32784999999999997, 0.32730000000000004, 0.33017500000000005, 0.32957500000000001, 0.32694999999999996, 0.327125, 0.3257250000000001], "nomal_rate": [0.00020000000000000004, 0.00021750000000000003, 0.00024250000000000007, 0.00026949999999999999, 0.00031150000000000004, 0.00034650000000000007, 0.00040750000000000009, 0.00040750000000000004, 0.00064250000000000017, 0.00079450000000000007, 0.0010480000000000005, 0.0020620000000000009, 0.0067135000000000007, 0.0264205, 0.06997550000000001, 0.11662849999999998, 0.16377250000000007, 0.2010845, 0.2331425, 0.26000099999999998, 0.2842495000000001, 0.30559749999999997, 0.32684049999999992, 0.34376650000000003, 0.35652850000000008, 0.37040099999999998, 0.38399800000000006, 0.39458850000000001, 0.40531149999999999, 0.41297549999999994, 0.41967800000000005, 0.42778250000000001, 0.43312900000000015, 0.43869449999999993, 0.44350400000000001, 0.44793849999999991, 0.45217199999999996, 0.45596700000000001, 0.45892199999999994, 0.46138599999999996, 0.46360800000000002, 0.46600249999999993, 0.46838099999999988, 0.47014000000000011, 0.47173449999999995, 0.47302199999999994, 0.47419399999999989, 0.47541250000000007, 0.47632650000000004, 0.47727549999999996], "nomal_time": [0.010000000000000002, 0.015800000000000002, 0.02555, 0.038224999999999995, 0.056899999999999992, 0.077524999999999983, 0.106625, 0.14249999999999999, 0.18262500000000001, 0.22199999999999998, 0.25307500000000005, 0.27884999999999993, 0.30267500000000003, 0.31689999999999996, 0.32330000000000003, 0.32649999999999996, 0.33117500000000005, 0.331125, 0.32937500000000008, 0.33307500000000007, 0.33249999999999991, 0.33222500000000005, 0.330175, 0.33085000000000009, 0.33347500000000008, 0.33400000000000007, 0.33395000000000002, 0.33530000000000004, 0.33392499999999997, 0.33062500000000006, 0.33334999999999998, 0.33415000000000006, 0.33405000000000001, 0.33265, 0.33265, 0.33342500000000003, 0.33317500000000005, 0.3332, 0.32912499999999995, 0.32919999999999999, 0.33210000000000006, 0.33160000000000001, 0.33372500000000005, 0.33179999999999998, 0.33292500000000003, 0.33410000000000001, 0.33350000000000002, 0.33357500000000001, 0.33132499999999998, 0.331625, 0.33414999999999995], "rate1": [0.00020000000000000004, 0.00021400000000000002, 0.00023450000000000006, 0.00025450000000000001, 0.00027700000000000007, 0.00029600000000000009, 0.00031600000000000009, 0.00035950000000000012, 0.0004280000000000001, 0.00049550000000000006, 0.0006330000000000001, 0.00068500000000000006, 0.00099650000000000042, 0.0017285000000000007, 0.0047775000000000005, 0.0263515, 0.082973000000000005, 0.13001550000000001, 0.17240550000000002, 0.20903099999999999, 0.23704099999999997, 0.26385799999999998, 0.28832800000000003, 0.3082689999999999, 0.32765749999999999, 0.34386799999999995, 0.3594135, 0.37181199999999998, 0.38150100000000003, 0.39125300000000007, 0.40120949999999994, 0.40985850000000001, 0.41933549999999997, 0.42688050000000005, 0.43391400000000013, 0.43929899999999988, 0.44348749999999987, 0.44701350000000006, 0.45121100000000003, 0.4536329999999999, 0.45657949999999992, 0.45940499999999984, 0.46209099999999997, 0.46409450000000008, 0.4663615000000001, 0.4726459999999999, 0.47415599999999974, 0.47508950000000011, 0.47633549999999991, 0.47723900000000002], "rate0": [0.00020000000000000004, 0.00021400000000000005, 0.00022650000000000006, 0.00025000000000000006, 0.00028800000000000012, 0.0003030000000000001, 0.00034300000000000021, 0.00040550000000000015, 0.00044600000000000016, 0.00050000000000000034, 0.00062800000000000019, 0.00086650000000000019, 0.0010130000000000004, 0.0018530000000000007, 0.006762500000000002, 0.019635000000000003, 0.084938, 0.12414349999999998, 0.17094850000000006, 0.20765750000000005, 0.24175149999999998, 0.26607699999999995, 0.28963949999999999, 0.30858600000000014, 0.32731349999999998, 0.34283150000000001, 0.35965900000000006, 0.3724595, 0.38305600000000001, 0.39230750000000003, 0.40119949999999993, 0.41132849999999999, 0.41919800000000002, 0.42637899999999995, 0.43294849999999996, 0.4385079999999999, 0.44344699999999987, 0.44753750000000003, 0.45083649999999997, 0.45380000000000004, 0.45680450000000006, 0.45915100000000009, 0.46153650000000007, 0.46393650000000008, 0.46597099999999991, 0.47320650000000003, 0.4742849999999999, 0.47556100000000007, 0.47645150000000014, 0.47746399999999994]}{"time0": [0.010000000000000002, 0.012075000000000001, 0.040900000000000006, 0.071050000000000016, 0.12267500000000002, 0.15825000000000003, 0.1988, 0.22197499999999998, 0.24972500000000003, 0.25569999999999998, 0.2742, 0.27667500000000006, 0.28789999999999993, 0.28822500000000001, 0.30362500000000003, 0.29690000000000005, 0.30500000000000005, 0.29987499999999995, 0.31152500000000005, 0.30552499999999994, 0.31622500000000003, 0.31057499999999999, 0.31459999999999999, 0.31137500000000007, 0.3145, 0.31019999999999998, 0.31619999999999998, 0.30672499999999997, 0.31762499999999999, 0.3115, 0.31682500000000002, 0.31205000000000005, 0.31509999999999994, 0.31204999999999999, 0.32290000000000002, 0.31555, 0.32189999999999996, 0.31580000000000003, 0.32084999999999997, 0.31819999999999998, 0.32424999999999998, 0.31457499999999999, 0.32077500000000003, 0.31535000000000002, 0.32342499999999996, 0.31615000000000004, 0.31942499999999996, 0.31482500000000002, 0.31887500000000002, 0.31150000000000005, 0.31972500000000004],